Island1,Island2,Distance,Distance_Rank,Landsea,Taxonomic,Phylogenetic,Functional
Aguni,Aka,40355.62053,5,Sea,-1,132.2755208,0.175667508
Aguni,Amami,124509.2889,13,Sea,-0.99,132.7597983,0.169695248
Aguni,Aragusuku,417155.7011,26,Sea,-1,133.098116,0.17634795
Aguni,Daito,404689.0827,21,Sea,-1,132.3677049,0.171413872
Aguni,Hateruma,440862.0557,28,Sea,-1,134.3616154,0.177020141
Aguni,Hatoma,411987.1093,25,Sea,-1,133.4222892,0.175972724
Aguni,Ie,51850.53545,8,Sea,-1,132.3148957,0.179559021
Aguni,Iheya,79466.89296,12,Sea,-1,132.390735,0.171806081
Aguni,Ikema,267576.457,15,Sea,-1,134.0390955,0.174849076
Aguni,Iriomote,409195.6841,23,Sea,-0.98,131.859439,0.17043753
Aguni,Ishigaki,361325.3304,19,Sea,-0.98,132.1145343,0.172409711
Aguni,Izena,74753.16588,10,Sea,-1,132.8309205,0.174145631
Aguni,Kamiyama,45535.9598,6,Sea,0.66,135.1392569,0.182606642
Aguni,Kohama,406708.8396,22,Sea,-1,132.8814988,0.177867322
Aguni,Kudaka,78879.71193,11,Sea,-1,132.5528937,0.175495827
Aguni,Kume,36374.06695,2,Sea,-1,133.1445825,0.172885203
Aguni,Kuro,410821.6389,24,Sea,-1,133.0964729,0.174074654
Aguni,Miyako,264414.5411,14,Sea,-1,132.1965,0.17330094
Aguni,Nakanougan,451042.2276,29,Sea,-0.91,137.314991,0.174548138
Aguni,Okinawa,48916.78556,7,Sea,-0.34,131.4897895,0.174339035
Aguni,Osumi,510580.9573,31,Sea,-0.97,133.5970602,0.165046064
Aguni,Panari,420055.2067,27,Sea,-1,133.098116,0.17634795
Aguni,Senkaku,358870.9441,18,Sea,-1,134.328616,0.177237183
Aguni,Taketomi,399439.6093,20,Sea,-1,133.3900346,0.17539935
Aguni,Tarama,321553.9307,17,Sea,-1,133.7363106,0.176403937
Aguni,Tokashiki,39545.11209,4,Sea,-1,131.7228674,0.173815791
Aguni,Tokora,297371.5493,16,Sea,-0.99,134.5052328,0.171073858
Aguni,Tonaki,22159.83737,1,Sea,-1,132.7825395,0.175065758
Aguni,Yagaji,74626.38302,9,Sea,-1,133.0318741,0.1696234
Aguni,Yonaguni,479440.3602,30,Sea,-1,132.0123038,0.171181663
Aguni,Zamami,36696.32006,3,Sea,-1,132.5528937,0.175495827
Aka,Amami,143864.7804,13,Sea,-0.76,132.9765036,0.175240388
Aka,Aragusuku,397418.0607,26,Sea,-1,130.7686391,0.171241613
Aka,Daito,393994.5401,24,Sea,-0.69,132.6021309,0.177357553
Aka,Hateruma,420470.9595,28,Sea,-1,132.2647529,0.172748531
Aka,Hatoma,395123.1284,25,Sea,-1,130.9598129,0.170119213
Aka,Ie,71330.90144,9,Sea,-1,130.2084345,0.178043042
Aka,Iheya,106789.0838,12,Sea,-1,132.4739444,0.175511695
Aka,Ikema,245551.8587,15,Sea,-1,132.2149683,0.171704891
Aka,Iriomote,390664.4603,22,Sea,-0.99,131.639747,0.175410057
Aka,Ishigaki,342677.1036,18,Sea,-0.56,132.1789634,0.178009221
Aka,Izena,98671.38762,11,Sea,-1,130.5151774,0.170016686
Aka,Kamiyama,25912.93872,4,Sea,0.09,130.6217745,0.170257963
Aka,Kohama,387690.1497,21,Sea,-1,131.876373,0.178048829
Aka,Kudaka,58564.86008,8,Sea,-1,130.1240028,0.171526421
Aka,Kume,37248.57764,6,Sea,-1,132.1910679,0.172622362
Aka,Kuro,390715.0736,23,Sea,-1,132.8956677,0.175819207
Aka,Miyako,241636.5314,14,Sea,-0.88,132.3274757,0.179298549
Aka,Nakanougan,433047.771,29,Sea,-0.99,133.7625929,0.158829386
Aka,Okinawa,34154.93912,5,Sea,-1,131.1643431,0.180431425
Aka,Osumi,543122.7066,31,Sea,-0.99,132.5046822,0.164586942
Aka,Panari,400261.641,27,Sea,-1,130.7686391,0.171241613
Aka,Senkaku,359095.0602,19,Sea,-1,131.8590764,0.171471757
Aka,Taketomi,379685.0726,20,Sea,-1,132.2891654,0.174040575
Aka,Tarama,302306.5544,16,Sea,-1,131.3823503,0.171053127
Aka,Tokashiki,4186.431789,2,Sea,-1,130.8607493,0.176384599
Aka,Tokora,331448.8904,17,Sea,-1,131.7612335,0.164284647
Aka,Tonaki,19814.42685,3,Sea,-1,130.3728008,0.170428803
Aka,Yagaji,86504.61503,10,Sea,-1,131.5439164,0.169370066
Aka,Yonaguni,466234.252,30,Sea,-0.98,132.1445824,0.177514274
Aka,Zamami,594.2114795,1,Sea,-1,130.1240028,0.171526421
Amami,Aragusuku,543176.2595,27,Sea,-0.72,134.1217975,0.178852304
Amami,Daito,288331.3789,16,Sea,-0.96,131.0821647,0.163053035
Amami,Hateruma,566505.1758,29,Sea,-0.65,135.4593092,0.178260511
Amami,Hatoma,539419.5122,26,Sea,-0.65,134.6881829,0.179566919
Amami,Ie,66277.08528,6,Sea,-0.34,132.5868383,0.177456564
Amami,Iheya,37341.8701,2,Sea,-0.94,132.6703885,0.167565664
Amami,Ikema,391863.9637,18,Sea,-0.8,135.9463816,0.176702821
Amami,Iriomote,535859.3386,24,Sea,-0.6,130.8785061,0.163239502
Amami,Ishigaki,487859.5681,21,Sea,-0.2,130.9857899,0.164152831
Amami,Izena,44926.02497,3,Sea,-0.91,133.7316552,0.175711923
Amami,Kamiyama,117864.2469,8,Sea,1,137.1718554,0.192207834
Amami,Kohama,533114.2896,23,Sea,-0.76,133.1419681,0.175116776
Amami,Kudaka,107174.7959,7,Sea,-0.65,133.2780632,0.176445209
Amami,Kume,163969.6086,14,Sea,-0.91,133.046598,0.169730986
Amami,Kuro,536608.6516,25,Sea,-0.95,132.480077,0.168900957
Amami,Miyako,388145.3174,17,Sea,-0.91,131.2040649,0.164906093
Amami,Nakanougan,578018.6933,30,Sea,0.77,139.256145,0.186420441
Amami,Okinawa,22366.0103,1,Sea,0.04,129.7952086,0.165032705
Amami,Osumi,202716.4202,15,Sea,-0.96,134.2034477,0.163188222
Amami,Panari,546040.2995,28,Sea,-0.72,134.1217975,0.178852304
Amami,Senkaku,485368.1848,20,Sea,0.33,134.4969487,0.17944119
Amami,Taketomi,525427.276,22,Sea,-0.92,133.4597817,0.174337352
Amami,Tarama,447701.979,19,Sea,-0.86,135.0591581,0.179570457
Amami,Tokashiki,135405.8586,10,Sea,-0.51,131.8688297,0.16968096
Amami,Tokora,56810.16089,5,Sea,-0.98,135.2033569,0.173280342
Amami,Tonaki,143744.3695,12,Sea,-0.86,133.832048,0.177099423
Amami,Yagaji,54453.82302,4,Sea,-0.96,133.8993407,0.167282443
Amami,Yonaguni,608023.532,31,Sea,-0.78,130.7898339,0.162537273
Amami,Zamami,138009.673,11,Sea,-0.65,133.2780632,0.176445209
Aragusuku,Daito,733531.8178,30,Sea,-0.28,134.1197822,0.180824044
Aragusuku,Hateruma,21882.96715,7,Sea,-1,132.0140732,0.169094845
Aragusuku,Hatoma,27892.95919,8,Sea,-1,130.4453076,0.164576561
Aragusuku,Ie,469954.3341,24,Sea,-1,130.6356442,0.177014961
Aragusuku,Iheya,500907.1966,27,Sea,-1,133.4167559,0.176466718
Aragusuku,Ikema,150278.6306,13,Sea,-1,132.1007957,0.167727067
Aragusuku,Iriomote,5470.026645,3,Sea,-0.99,132.7290309,0.177876898
Aragusuku,Ishigaki,21123.37615,6,Sea,-1,133.1199664,0.181129257
Aragusuku,Izena,495124.4404,26,Sea,-1,130.7403664,0.166350247
Aragusuku,Kamiyama,425273.8777,21,Sea,-0.49,128.7110245,0.161439157
Aragusuku,Kohama,9725.069724,4,Sea,-1,132.1241959,0.177516733
Aragusuku,Kudaka,449049.1797,23,Sea,-1,130.5093183,0.16862381
Aragusuku,Kume,362957.4451,15,Sea,-1,132.7578626,0.172324004
Aragusuku,Kuro,3621.7465,2,Sea,-1,133.2090616,0.177129609
Aragusuku,Miyako,135844.4413,12,Sea,-1,133.3652063,0.182633222
Aragusuku,Nakanougan,37358.20519,9,Sea,-1,132.450671,0.145827588
Aragusuku,Okinawa,425417.2039,22,Sea,-1,132.3215244,0.184708896
Aragusuku,Osumi,922755.7338,31,Sea,-0.99,132.800616,0.162458871
Aragusuku,Panari,442.9909323,1,Sea,-1,130.3216207,0.166596015
Aragusuku,Senkaku,168404.8689,14,Sea,-1,131.8045208,0.167058155
Aragusuku,Taketomi,15087.42904,5,Sea,-1,132.276346,0.171876101
Aragusuku,Tarama,85602.59571,10,Sea,-1,131.0007461,0.16593176
Aragusuku,Tokashiki,400904.416,19,Sea,-1,131.9913721,0.177557455
Aragusuku,Tokora,710554.8251,29,Sea,-1,131.4714014,0.159010961
Aragusuku,Tonaki,395342.7275,16,Sea,-1,130.5003862,0.166658179
Aragusuku,Yagaji,486597.1257,25,Sea,-1,132.2504963,0.168570915
Aragusuku,Yonaguni,94082.651,11,Sea,-0.98,133.4048113,0.181143171
Aragusuku,Zamami,400623.579,18,Sea,-1,130.5093183,0.16862381
Daito,Hateruma,749593.8295,28,Sea,-0.53,135.1795099,0.180320722
Daito,Hatoma,745419.5906,27,Sea,-0.17,134.7718021,0.181466966
Daito,Ie,350257.903,7,Sea,-0.62,132.4530264,0.179709746
Daito,Iheya,346493.1768,6,Sea,-1,132.2074881,0.168967888
Daito,Ikema,601518.6792,18,Sea,-0.47,135.8096254,0.178421963
Daito,Iriomote,733899.6168,25,Sea,-0.86,130.3992525,0.16519
Daito,Ishigaki,693076.3576,20,Sea,-0.66,130.6448231,0.166291206
Daito,Izena,345891.6097,5,Sea,-0.83,133.4515858,0.177751729
Daito,Kamiyama,366220.4239,8,Sea,0.93,137.7508877,0.193011679
Daito,Kohama,728090.3832,23,Sea,-0.59,133.0617686,0.17700907
Daito,Kudaka,332827.7171,4,Sea,-0.79,132.9831529,0.17853259
Daito,Kume,431941.1575,15,Sea,-0.92,132.7813645,0.171797547
Daito,Kuro,725824.7893,22,Sea,-0.79,132.357976,0.171011227
Daito,Miyako,578917.5943,17,Sea,-0.88,130.6754152,0.166905383
Daito,Nakanougan,772893.4265,30,Sea,-0.07,139.0562667,0.18834944
Daito,Okinawa,305044.0967,2,Sea,-0.29,129.3604434,0.167159777
Daito,Osumi,478561.5809,16,Sea,0.54,134.224643,0.165420275
Daito,Panari,735515.1013,26,Sea,-0.28,134.1197822,0.180824044
Daito,Senkaku,754060.1206,29,Sea,-0.69,134.1731323,0.18148947
Daito,Taketomi,718079.8156,21,Sea,-0.76,133.3826727,0.176343947
Daito,Tarama,653507.0519,19,Sea,-0.43,135.0364719,0.181488117
Daito,Tokashiki,385846.9939,9,Sea,-0.98,131.3134929,0.171336481
Daito,Tokora,386554.7221,10,Sea,0.12,135.1607974,0.176038482
Daito,Tonaki,409470.9629,14,Sea,-0.73,133.676028,0.179102036
Daito,Yagaji,329763.0086,3,Sea,-0.18,133.7858569,0.16949999
Daito,Yonaguni,824684.3652,31,Sea,-1,130.1632655,0.164570328
Daito,Zamami,390862.9224,11,Sea,-0.79,132.9831529,0.17853259
Hateruma,Hatoma,43844.48907,8,Sea,-1,132.1168041,0.167360195
Hateruma,Ie,493374.133,24,Sea,-1,132.4461713,0.178275348
Hateruma,Iheya,524540.3589,27,Sea,-1,134.6309656,0.177006139
Hateruma,Ikema,173104.5577,13,Sea,-1,133.0395795,0.169811034
Hateruma,Iriomote,21496.8242,2,Sea,-0.92,134.325508,0.177766664
Hateruma,Ishigaki,45237.87394,9,Sea,-1,134.7411129,0.180758811
Hateruma,Izena,518635.7048,26,Sea,-1,132.1774086,0.168408357
Hateruma,Kamiyama,448213.5978,22,Sea,-0.05,131.2059263,0.165766051
Hateruma,Kohama,32695.72475,6,Sea,-1,133.7517253,0.178539641
Hateruma,Kudaka,471442.8052,23,Sea,-1,132.0826487,0.170586572
Hateruma,Kume,386835.3452,15,Sea,-1,134.1652465,0.173149256
Hateruma,Kuro,26216.99013,5,Sea,-1,134.8109135,0.17752937
Hateruma,Miyako,158321.6871,12,Sea,-0.97,134.7485154,0.182150124
Hateruma,Nakanougan,23687.31658,4,Sea,-1,133.1334792,0.150783371
Hateruma,Okinawa,447887.9223,21,Sea,-1,134.1919929,0.183936031
Hateruma,Osumi,947144.4267,31,Sea,-0.97,133.9415856,0.163587128
Hateruma,Panari,19963.21182,1,Sea,-1,132.0140732,0.169094845
Hateruma,Senkaku,183915.3567,14,Sea,-1,133.0502262,0.169316494
Hateruma,Taketomi,38853.324,7,Sea,-1,133.9143692,0.173504402
Hateruma,Tarama,108666.4016,11,Sea,-1,132.371117,0.168531191
Hateruma,Tokashiki,423817.9113,19,Sea,-1,133.3401943,0.178144473
Hateruma,Tokora,734818.7432,29,Sea,-1,132.5681333,0.161205487
Hateruma,Tonaki,418903.9085,16,Sea,-1,132.0420176,0.168902893
Hateruma,Yagaji,509747.2294,25,Sea,-1,133.3815738,0.169687248
Hateruma,Yonaguni,84387.6517,10,Sea,-0.97,134.7943196,0.180641852
Hateruma,Zamami,423739.3935,18,Sea,-1,132.0826487,0.170586572
Hatoma,Ie,465937.3347,24,Sea,-1,130.8389287,0.176116811
Hatoma,Iheya,495889.4281,27,Sea,-1,133.7166297,0.176212431
Hatoma,Ikema,150993.017,14,Sea,-1,131.9311654,0.165750589
Hatoma,Iriomote,4914.422561,1,Sea,-1,133.2522348,0.178196285
Hatoma,Ishigaki,24935.7326,3,Sea,-1,133.6769041,0.181663546
Hatoma,Izena,490665.4775,26,Sea,-1,130.8544876,0.164501297
Hatoma,Kamiyama,423311.3671,21,Sea,-0.54,128.1781843,0.157611054
Hatoma,Kohama,19134.68622,2,Sea,-1,132.3101684,0.176745986
Hatoma,Kudaka,448845.0109,23,Sea,-1,130.6654633,0.16710988
Hatoma,Kume,357070.6134,15,Sea,-1,133.0244974,0.17153709
Hatoma,Kuro,29423.36901,6,Sea,-1,133.6183344,0.177039827
Hatoma,Miyako,138062.1479,12,Sea,-1,133.9306253,0.18326898
Hatoma,Nakanougan,39219.04931,8,Sea,-1,132.011536,0.140742958
Hatoma,Okinawa,425040.386,22,Sea,-1,133.0324969,0.18567418
Hatoma,Osumi,912013.9807,31,Sea,-0.99,132.8546708,0.160948366
Hatoma,Panari,29149.01282,5,Sea,-1,130.4453076,0.164576561
Hatoma,Senkaku,140189.5227,13,Sea,-1,131.9530735,0.165080249
Hatoma,Taketomi,29684.83696,7,Sea,-1,132.460304,0.170572417
Hatoma,Tarama,87858.61297,11,Sea,-1,130.9524374,0.163660308
Hatoma,Tokashiki,399113.1973,19,Sea,-1,132.3326809,0.177388401
Hatoma,Tokora,701383.4284,29,Sea,-1,131.4827607,0.156497897
Hatoma,Tonaki,390919.0984,16,Sea,-1,130.5725295,0.164779403
Hatoma,Yagaji,483683.4123,25,Sea,-1,132.3218641,0.16766581
Hatoma,Yonaguni,77930.93805,10,Sea,-0.97,134.0208116,0.181908838
Hatoma,Zamami,398076.7035,18,Sea,-1,130.6654633,0.16710988
Ie,Iheya,29376.12802,4,Sea,-1,132.4695248,0.179014422
Ie,Ikema,318968.078,16,Sea,-1,132.7013601,0.177303584
Ie,Iriomote,462502.8347,23,Sea,-0.65,131.2025509,0.178085038
Ie,Ishigaki,414515.7261,19,Sea,-0.93,131.5433136,0.18012118
Ie,Izena,20329.90008,3,Sea,-1,130.6109773,0.175540553
Ie,Kamiyama,48037.04425,5,Sea,0.29,129.9328119,0.1772668
Ie,Kohama,459806.0202,22,Sea,-1,131.5077677,0.181923386
Ie,Kudaka,53012.74979,7,Sea,-1,130.1033959,0.176994456
Ie,Kume,90497.37691,13,Sea,-1,132.0075071,0.177003762
Ie,Kuro,463434.2635,24,Sea,-1,132.2926914,0.179485026
Ie,Miyako,315388.9433,15,Sea,-0.74,131.9717779,0.181418259
Ie,Nakanougan,504613.8622,30,Sea,-0.97,133.6209546,0.166705236
Ie,Okinawa,3331.36537,1,Sea,-1,130.4356547,0.182420147
Ie,Osumi,465447.746,25,Sea,-0.94,132.5016648,0.168905085
Ie,Panari,472823.8527,28,Sea,-1,130.6356442,0.177014961
Ie,Senkaku,414825.9431,20,Sea,-1,131.5853357,0.177242803
Ie,Taketomi,452204.457,21,Sea,-1,131.8363585,0.178401327
Ie,Tarama,374420.6931,18,Sea,-1,131.4436897,0.176986064
Ie,Tokashiki,63124.97871,8,Sea,-1,131.0496482,0.180208547
Ie,Tokora,255158.0906,14,Sea,-1,131.7878328,0.169999813
Ie,Tonaki,70251.15746,11,Sea,-1,130.3999192,0.176118779
Ie,Yagaji,17015.35649,2,Sea,-1,131.6675691,0.173842358
Ie,Yonaguni,534540.2344,31,Sea,-0.99,131.7463033,0.179675145
Ie,Zamami,65539.67151,9,Sea,-1,130.1033959,0.176994456
Iheya,Ikema,350753.1106,17,Sea,-1,133.9446109,0.174392368
Iheya,Iriomote,493048.2597,24,Sea,-0.89,131.699714,0.168059862
Iheya,Ishigaki,445151.2559,21,Sea,-1,131.9320263,0.169939309
Iheya,Izena,2235.51966,1,Sea,-1,133.193819,0.174227453
Iheya,Kamiyama,86602.36601,7,Sea,0.6,136.0886049,0.183523707
Iheya,Kohama,490524.3731,23,Sea,-1,132.8477324,0.176704179
Iheya,Kudaka,88802.2727,8,Sea,-1,132.8533732,0.175582189
Iheya,Kume,120069.9315,13,Sea,-1,133.1890158,0.171914113
Iheya,Kuro,494522.3266,25,Sea,-1,133.1763361,0.172614258
Iheya,Miyako,347389.2086,16,Sea,-1,132.0250744,0.170697121
Iheya,Nakanougan,534930.3355,30,Sea,-0.85,138.0147713,0.176913847
Iheya,Okinawa,29204.12442,2,Sea,-1,131.4318691,0.171745046
Iheya,Osumi,421013.6618,19,Sea,-0.92,133.5474102,0.16385089
Iheya,Panari,503799.1946,28,Sea,-1,133.4167559,0.176466718
Iheya,Senkaku,437363.6059,20,Sea,-1,134.6903355,0.177548118
Iheya,Taketomi,483178.5788,22,Sea,-1,133.4816707,0.17459727
Iheya,Tarama,405299.4395,18,Sea,-1,134.0255201,0.176578825
Iheya,Tokashiki,99569.61678,9,Sea,-1,131.5368077,0.172060898
Iheya,Tokora,210518.3861,14,Sea,-0.89,135.1033493,0.172067106
Iheya,Tonaki,101570.3544,11,Sea,-1,133.1047992,0.175264295
Iheya,Yagaji,32967.40544,4,Sea,-1,132.7957069,0.168512671
Iheya,Yonaguni,563015.4386,31,Sea,-1,131.7811094,0.168447689
Iheya,Zamami,101331.8415,10,Sea,-1,132.8533732,0.175582189
Ikema,Iriomote,144454.3446,7,Sea,-1,134.5908407,0.175591554
Ikema,Ishigaki,97050.84572,3,Sea,-1,135.1304323,0.178878734
Ikema,Izena,344453.6263,26,Sea,-1,132.3396242,0.167002363
Ikema,Kamiyama,273256.6296,21,Sea,0.16,131.5736456,0.165654334
Ikema,Kohama,141049.6681,5,Sea,-1,133.5346259,0.17678824
Ikema,Kudaka,296930.8302,23,Sea,-1,132.257634,0.169504501
Ikema,Kume,214883.3683,14,Sea,-1,134.2322705,0.171682906
Ikema,Kuro,143453.8737,6,Sea,-1,135.303183,0.176401165
Ikema,Miyako,1247.398306,1,Sea,-1,135.0602518,0.180283117
Ikema,Nakanougan,186980.2242,12,Sea,-0.98,134.0394965,0.150391171
Ikema,Okinawa,273265.5969,22,Sea,-1,135.1476711,0.182596432
Ikema,Osumi,779380.047,31,Sea,-0.98,133.5041831,0.161222583
Ikema,Panari,153084.5171,10,Sea,-1,132.1007957,0.167727067
Ikema,Senkaku,189573.5671,13,Sea,-1,133.9963867,0.168730967
Ikema,Taketomi,132604.2443,4,Sea,-1,134.1057096,0.17199033
Ikema,Tarama,56703.59308,2,Sea,-1,132.1425747,0.166830068
Ikema,Tokashiki,248860.7102,18,Sea,-1,133.0217433,0.176029209
Ikema,Tokora,565621.9738,29,Sea,-1,133.2465223,0.160482685
Ikema,Tonaki,245042.3025,16,Sea,-1,132.0391669,0.167559031
Ikema,Yagaji,334884.4144,25,Sea,-1,132.6112304,0.167666812
Ikema,Yonaguni,227295.9888,15,Sea,-0.98,135.2725382,0.178668778
Ikema,Zamami,248866.4405,19,Sea,-1,132.257634,0.169504501
Iriomote,Ishigaki,14389.09128,7,Sea,-0.98,129.9179208,0.166159445
Iriomote,Izena,487493.2274,26,Sea,-0.99,132.5679746,0.175252638
Iriomote,Kamiyama,418684.1026,21,Sea,0.94,136.2378968,0.188382891
Iriomote,Kohama,1919.231132,1,Sea,-1,132.0044265,0.175567969
Iriomote,Kudaka,443262.2911,23,Sea,-1,131.9309338,0.176184935
Iriomote,Kume,354671.7376,15,Sea,-0.68,132.3133752,0.170534871
Iriomote,Kuro,9265.262505,5,Sea,-0.82,131.8334165,0.170283348
Iriomote,Miyako,130678.0583,12,Sea,-0.44,130.2917042,0.166965856
Iriomote,Nakanougan,14718.50249,8,Sea,-0.18,138.1146702,0.182932723
Iriomote,Okinawa,419538.9056,22,Sea,-0.71,128.6462793,0.167473474
Iriomote,Osumi,912774.7282,31,Sea,0.49,133.1489639,0.163460221
Iriomote,Panari,5708.452649,4,Sea,-0.99,132.7290309,0.177876898
Iriomote,Senkaku,143728.3732,13,Sea,-0.99,133.2460867,0.178760467
Iriomote,Taketomi,14167.86435,6,Sea,-0.98,132.5015931,0.174466144
Iriomote,Tarama,80024.32167,11,Sea,-1,133.765651,0.178352726
Iriomote,Tokashiki,394375.8256,19,Sea,-0.84,130.6440739,0.170422802
Iriomote,Tokora,701124.1053,29,Sea,-0.41,134.2682243,0.173213887
Iriomote,Tonaki,387675.453,16,Sea,-1,132.514418,0.176458635
Iriomote,Yagaji,479620.6392,25,Sea,-0.96,132.6240031,0.167686933
Iriomote,Yonaguni,64805.12247,10,Sea,-0.87,129.8140408,0.1645891
Iriomote,Zamami,393761.3544,18,Sea,-1,131.9309338,0.176184935
Ishigaki,Izena,439537.7573,26,Sea,-0.49,133.0408911,0.178292197
Ishigaki,Kamiyama,370719.4539,21,Sea,0.99,136.3227782,0.193169807
Ishigaki,Kohama,11687.56347,2,Sea,-1,132.2509754,0.177655572
Ishigaki,Kudaka,395537.5423,23,Sea,-0.85,132.4273466,0.179031505
Ishigaki,Kume,306930.8639,15,Sea,-0.05,132.4934145,0.172826541
Ishigaki,Kuro,15331.98917,4,Sea,-0.98,131.8256753,0.171955554
Ishigaki,Miyako,83917.33684,11,Sea,-0.98,130.4318283,0.167840051
Ishigaki,Nakanougan,56917.24463,10,Sea,0.61,138.5266048,0.188105071
Ishigaki,Okinawa,371782.4963,22,Sea,-0.72,128.7811606,0.168155087
Ishigaki,Osumi,866599.5361,31,Sea,0.96,133.5300092,0.165983041
Ishigaki,Panari,24042.36655,6,Sea,-1,133.1199664,0.181129257
Ishigaki,Senkaku,144210.5575,14,Sea,-0.56,133.6449743,0.181858446
Ishigaki,Taketomi,3541.525799,1,Sea,-1,132.6873685,0.176745201
Ishigaki,Tarama,33846.50743,8,Sea,-1,134.2084785,0.181742915
Ishigaki,Tokashiki,346425.5084,19,Sea,-0.67,131.0712031,0.172399379
Ishigaki,Tokora,654279.8643,29,Sea,0.83,134.7137324,0.176466355
Ishigaki,Tonaki,339721.6695,16,Sea,-0.85,132.9742728,0.179521277
Ishigaki,Yagaji,431611.6563,25,Sea,-0.81,133.0907782,0.170027747
Ishigaki,Yonaguni,103915.7508,13,Sea,-0.82,130.000644,0.165525058
Ishigaki,Zamami,345761.9416,18,Sea,-0.85,132.4273466,0.179031505
Izena,Kamiyama,77391.44571,7,Sea,0.03,129.706392,0.162556315
Izena,Kohama,484872.1671,23,Sea,-1,132.3006397,0.175913354
Izena,Kudaka,79644.62016,8,Sea,-1,130.3523252,0.167656022
Izena,Kume,114749.2337,13,Sea,-1,132.5011403,0.17048884
Izena,Kuro,488659.4024,25,Sea,-1,133.2797968,0.17511137
Izena,Miyako,340956.9654,15,Sea,-0.98,133.1043255,0.179695708
Izena,Nakanougan,529508.8473,30,Sea,-1,132.6339853,0.147640697
Izena,Okinawa,20345.01404,3,Sea,-1,132.1152631,0.181636771
Izena,Osumi,438260.7749,20,Sea,-1,132.7378752,0.160561336
Izena,Panari,498002.6413,28,Sea,-1,130.7403664,0.166350247
Izena,Senkaku,435558.3755,19,Sea,-1,131.8975035,0.166764169
Izena,Taketomi,477379.8159,22,Sea,-1,132.4407997,0.170695208
Izena,Tarama,399541.2103,18,Sea,-1,131.2669193,0.165698016
Izena,Tokashiki,91054.1314,9,Sea,-1,131.6724187,0.17539456
Izena,Tokora,227954.2482,14,Sea,-1,131.3847971,0.158020272
Izena,Tonaki,95295.49741,11,Sea,-1,130.4235958,0.165828479
Izena,Yagaji,24768.74827,4,Sea,-1,132.1282072,0.166900373
Izena,Yonaguni,558583.4877,31,Sea,-0.98,133.1015443,0.178180069
Izena,Zamami,93097.65161,10,Sea,-1,130.3523252,0.167656022
Kamiyama,Kohama,415652.0234,22,Sea,0.13,132.5761672,0.180224879
Kamiyama,Kudaka,31822.54488,5,Sea,-0.05,129.5487405,0.166042987
Kamiyama,Kume,61327.6441,10,Sea,0.61,133.5861332,0.173620696
Kamiyama,Kuro,418524.8553,23,Sea,0.3,134.4706031,0.182698779
Kamiyama,Miyako,269222.0442,14,Sea,0.98,136.9739944,0.195376945
Kamiyama,Nakanougan,461103.9611,29,Sea,-0.98,120.835382,0.112922297
Kamiyama,Okinawa,6876.438143,1,Sea,0.97,135.7207971,0.197309947
Kamiyama,Osumi,521965.8188,31,Sea,0.82,131.9987743,0.163267039
Kamiyama,Panari,428109.3386,27,Sea,-0.49,128.7110245,0.161439157
Kamiyama,Senkaku,387203.3166,20,Sea,0.09,129.95306,0.160047365
Kamiyama,Taketomi,407553.3043,21,Sea,-0.15,131.9721427,0.171827877
Kamiyama,Tarama,330316.2823,17,Sea,-0.12,129.1822436,0.16062645
Kamiyama,Tokashiki,17226.44436,2,Sea,0.31,134.3223884,0.183388537
Kamiyama,Tokora,312333.6439,16,Sea,0.03,127.1619508,0.150020278
Kamiyama,Tonaki,39271.61635,6,Sea,-0.12,129.0276263,0.162397433
Kamiyama,Yagaji,59762.01432,9,Sea,0.55,133.1279015,0.171560324
Kamiyama,Yonaguni,494628.6273,30,Sea,1,137.1786889,0.195299855
Kamiyama,Zamami,20973.94331,3,Sea,-0.05,129.5487405,0.166042987
Kohama,Kudaka,439936.1704,23,Sea,-1,131.9189152,0.177410816
Kohama,Kume,352323.3337,15,Sea,-1,132.8324461,0.175816297
Kohama,Kuro,7420.9899,3,Sea,-1,132.8577596,0.178019116
Kohama,Miyako,126948.8051,12,Sea,-1,132.5318486,0.178736304
Kohama,Nakanougan,41533.84571,9,Sea,-0.95,135.6790758,0.170578951
Kohama,Okinawa,416252.4466,22,Sea,-1,131.4868272,0.17991133
Kohama,Osumi,911293.9933,31,Sea,-0.81,133.3391314,0.167844901
Kohama,Panari,12253.54864,6,Sea,-1,132.1241959,0.177516733
Kohama,Senkaku,156962.4433,14,Sea,-1,133.3087061,0.178078
Kohama,Taketomi,7396.685772,2,Sea,-1,132.75083,0.177822023
Kohama,Tarama,76404.65021,10,Sea,-1,132.811901,0.17744803
Kohama,Tokashiki,391318.5045,19,Sea,-1,131.9678093,0.178417396
Kohama,Tokora,699346.8659,29,Sea,-1,133.4492631,0.17132766
Kohama,Tonaki,385060.8836,16,Sea,-1,132.0954138,0.176654208
Kohama,Yagaji,476739.3868,25,Sea,-1,132.8496217,0.17288508
Kohama,Yonaguni,93079.46371,11,Sea,-1,132.3920485,0.176915224
Kohama,Zamami,390828.3383,18,Sea,-1,131.9189152,0.177410816
Kudaka,Kume,97175.84712,12,Sea,-1,132.3268182,0.172186454
Kudaka,Kuro,442092.3722,23,Sea,-1,132.8978733,0.176055007
Kudaka,Miyako,290053.1943,14,Sea,-0.97,132.6224371,0.180412317
Kudaka,Nakanougan,485787.8343,29,Sea,-1,133.0109975,0.152468064
Kudaka,Okinawa,5254.929917,1,Sea,-1,131.3994886,0.181971655
Kudaka,Osumi,514406.2396,30,Sea,-0.99,132.6160092,0.163240197
Kudaka,Panari,451813.7754,27,Sea,-1,130.5093183,0.16862381
Kudaka,Senkaku,420443.7594,20,Sea,-1,131.5728233,0.168933615
Kudaka,Taketomi,431428.7495,21,Sea,-1,132.1447432,0.172576265
Kudaka,Tarama,355094.0563,18,Sea,-1,131.1347157,0.168235319
Kudaka,Tokashiki,50344.17986,3,Sea,-1,131.2182498,0.176477835
Kudaka,Tokora,309013.9873,16,Sea,-1,131.4107301,0.161155396
Kudaka,Tonaki,75404.91688,8,Sea,-1,130.1969282,0.167993263
Kudaka,Yagaji,53788.17237,5,Sea,-1,131.7664225,0.168549075
Kudaka,Yonaguni,521885.6166,31,Sea,-1,132.4902712,0.178766709
Kudaka,Zamami,55420.09257,6,Sea,-1,129.9930621,0.169482155
Kume,Kuro,356761.0464,23,Sea,-1,133.0215937,0.172388251
Kume,Miyako,212136.11,14,Sea,-0.71,132.6906117,0.173994848
Kume,Nakanougan,396323.7638,28,Sea,-0.95,136.0586571,0.16389191
Kume,Okinawa,72316.61141,7,Sea,-0.28,131.5712214,0.174931196
Kume,Osumi,550397.6159,31,Sea,-0.99,133.6526223,0.162138964
Kume,Panari,365875.6161,26,Sea,-1,132.7578626,0.172324004
Kume,Senkaku,305667.9007,17,Sea,-1,133.4585601,0.17236353
Kume,Taketomi,345287.4709,20,Sea,-1,133.1962616,0.17273888
Kume,Tarama,267454.6419,16,Sea,-1,133.4110455,0.172255654
Kume,Tokashiki,44106.82447,5,Sea,-1,132.2563998,0.173325927
Kume,Tokora,336903.0105,19,Sea,-1,133.5303043,0.165004835
Kume,Tonaki,16041.612,1,Sea,-1,132.5514119,0.171425515
Kume,Yagaji,110806.5847,10,Sea,-1,133.3330058,0.167662518
Kume,Yonaguni,424004.6035,29,Sea,-0.9,132.5279704,0.172203683
Kume,Zamami,37121.09218,3,Sea,-1,132.3268182,0.172186454
Kuro,Miyako,128869.91,12,Sea,-1,132.1067183,0.172888994
Kuro,Nakanougan,43044.359,9,Sea,-0.9,137.3554548,0.175598972
Kuro,Okinawa,418486.5502,21,Sea,-0.36,130.8465228,0.173364084
Kuro,Osumi,917289.3765,31,Sea,-0.48,134.3398798,0.166000735
Kuro,Panari,5992.482746,2,Sea,-1,133.2090616,0.177129609
Kuro,Senkaku,168286.5239,14,Sea,-1,133.9976778,0.177287578
Kuro,Taketomi,8873.326922,4,Sea,-1,132.9423431,0.17564797
Kuro,Tarama,78844.66288,10,Sea,-1,134.1214768,0.177530899
Kuro,Tokashiki,394143.8191,19,Sea,-1,132.4414748,0.174253699
Kuro,Tokora,704815.2835,29,Sea,-0.99,134.5874293,0.171631121
Kuro,Tonaki,388907.1825,16,Sea,-1,133.2026522,0.175957724
Kuro,Yagaji,479940.7098,25,Sea,-1,134.0226697,0.170140529
Kuro,Yonaguni,98915.45546,11,Sea,-1,131.9082193,0.170841345
Kuro,Zamami,393948.5429,18,Sea,-1,132.8978733,0.176055007
Miyako,Nakanougan,173137.2912,12,Sea,0.58,139.0004207,0.190749339
Miyako,Okinawa,266892.4098,21,Sea,-0.81,129.2847869,0.168741111
Miyako,Osumi,776881.53,31,Sea,0.97,133.7884988,0.167328739
Miyako,Panari,138595.734,10,Sea,-1,133.3652063,0.182633222
Miyako,Senkaku,186281.8488,13,Sea,-0.62,134.0467085,0.183389443
Miyako,Taketomi,118257.4204,4,Sea,-1,132.9486644,0.178017991
Miyako,Tarama,44005.25392,2,Sea,-1,134.3311397,0.183302811
Miyako,Tokashiki,244810.171,18,Sea,-0.63,131.1824894,0.173286388
Miyako,Tokora,563110.8474,29,Sea,0.89,134.9035168,0.178268486
Miyako,Tonaki,241720.61,17,Sea,-0.97,133.1493831,0.180996658
Miyako,Yagaji,331019.1329,25,Sea,-0.98,133.2149505,0.171272667
Miyako,Yonaguni,215371.6152,15,Sea,-0.97,130.2533631,0.16612283
Miyako,Zamami,245012.592,19,Sea,-0.97,132.6224371,0.180412317
Nakanougan,Okinawa,462060.5188,22,Sea,0.88,138.0941011,0.194626011
Nakanougan,Osumi,952297.8086,31,Sea,-0.77,134.3521122,0.149558477
Nakanougan,Panari,35718.04836,3,Sea,-1,132.450671,0.145827588
Nakanougan,Senkaku,168731.2318,12,Sea,-1,131.8865476,0.144411546
Nakanougan,Taketomi,53241.33154,8,Sea,-0.99,135.2363211,0.159417823
Nakanougan,Tarama,122492.6558,11,Sea,-1,132.5758104,0.143858561
Nakanougan,Tokashiki,436812.3407,19,Sea,-0.68,136.7918832,0.177413721
Nakanougan,Tokora,741488.4399,29,Sea,-1,130.8312938,0.131127687
Nakanougan,Tonaki,429701.2298,16,Sea,-1,132.5781587,0.147563649
Nakanougan,Yagaji,521921.7918,25,Sea,-0.87,135.5782263,0.160801385
Nakanougan,Yonaguni,59720.08273,10,Sea,0.86,138.9881396,0.190923473
Nakanougan,Zamami,436113.5241,18,Sea,-1,133.0109975,0.152468064
Okinawa,Osumi,429254.7682,28,Sea,1,132.9714798,0.169136586
Okinawa,Panari,428191.4905,27,Sea,-1,132.3215244,0.184708896
Okinawa,Senkaku,396305.2505,20,Sea,-0.02,132.454606,0.185128969
Okinawa,Taketomi,407780.689,21,Sea,-1,131.8395746,0.179625825
Okinawa,Tarama,331334.0385,18,Sea,-1,133.6603405,0.185627799
Okinawa,Tokashiki,25697.43747,7,Sea,-1,130.1494587,0.173978125
Okinawa,Tokora,223946.5307,14,Sea,0.74,133.7455813,0.180405096
Okinawa,Tonaki,50453.03232,12,Sea,-1,132.1313484,0.182885943
Okinawa,Yagaji,86.06612022,1,Sea,-1,132.6294231,0.172541244
Okinawa,Yonaguni,498012.9228,31,Sea,-0.81,128.700991,0.166323884
Okinawa,Zamami,30593.75674,9,Sea,-1,131.3994886,0.181971655
Osumi,Panari,925731.7829,28,Sea,-0.99,132.800616,0.162458871
Osumi,Senkaku,810200.6923,19,Sea,-0.97,133.783417,0.163048092
Osumi,Taketomi,905514.1156,22,Sea,-0.93,133.9171574,0.163804039
Osumi,Tarama,829057.7589,20,Sea,-1,133.2021948,0.161774283
Osumi,Tokashiki,535965.4258,13,Sea,-0.81,132.6658386,0.166159909
Osumi,Tokora,53809.25564,1,Sea,-1,133.0301473,0.153437344
Osumi,Tonaki,535342.5764,12,Sea,-1,132.6463162,0.161748846
Osumi,Yagaji,459955.104,6,Sea,-1,133.0084042,0.158682915
Osumi,Yonaguni,967580.1754,31,Sea,0.27,133.5594182,0.165543544
Osumi,Zamami,537710.8783,14,Sea,-0.99,132.6160092,0.163240197
Panari,Senkaku,170231.1098,14,Sea,-1,131.8045208,0.167058155
Panari,Taketomi,17935.02127,5,Sea,-1,132.276346,0.171876101
Panari,Tarama,88426.00388,10,Sea,-1,131.0007461,0.16593176
Panari,Tokashiki,403737.5605,19,Sea,-1,131.9913721,0.177557455
Panari,Tokora,713517.593,29,Sea,-1,131.4714014,0.159010961
Panari,Tonaki,398225.529,16,Sea,-1,130.5003862,0.166658179
Panari,Yagaji,489448.6075,25,Sea,-1,132.2504963,0.168570915
Panari,Yonaguni,92877.61771,11,Sea,-0.98,133.4048113,0.181143171
Panari,Zamami,403471.8001,18,Sea,-1,130.5093183,0.16862381
Senkaku,Taketomi,161809.371,7,Sea,-1,133.2500967,0.172249174
Senkaku,Tarama,153706.1916,5,Sea,-1,132.4749164,0.166504393
Senkaku,Tokashiki,365950.2624,20,Sea,-1,133.1701832,0.178434696
Senkaku,Tokora,612089.0979,29,Sea,-1,131.8017228,0.158450293
Senkaku,Tonaki,344086.7738,16,Sea,-1,131.7755034,0.167030027
Senkaku,Yagaji,437588.0843,27,Sea,-1,133.6494145,0.169371084
Senkaku,Yonaguni,146842.492,4,Sea,-0.88,133.7984497,0.182094855
Senkaku,Zamami,360943.2029,19,Sea,-1,131.5728233,0.168933615
Taketomi,Tarama,67913.69249,10,Sea,-1,132.9878805,0.171560871
Taketomi,Tokashiki,383188.0219,19,Sea,-1,132.5829555,0.176423967
Taketomi,Tokora,693123.0407,29,Sea,-1,133.4849658,0.164934754
Taketomi,Tonaki,377602.5681,16,Sea,-1,132.289885,0.171284612
Taketomi,Yagaji,468854.7555,25,Sea,-1,133.4409882,0.169525375
Taketomi,Yonaguni,105724.2237,11,Sea,-0.99,132.8532512,0.17642507
Taketomi,Zamami,382884.7469,18,Sea,-1,132.1447432,0.172576265
Tarama,Tokashiki,306009.0785,19,Sea,-1,132.6733302,0.177784944
Tarama,Tokora,615984.2436,29,Sea,-1,131.8696831,0.158007424
Tarama,Tonaki,299747.8091,16,Sea,-1,131.0339192,0.166022981
Tarama,Yagaji,391315.6752,25,Sea,-1,132.6418891,0.168367259
Tarama,Yonaguni,166077.3081,14,Sea,-1,134.4309938,0.181851912
Tarama,Zamami,305421.1888,18,Sea,-1,131.1347157,0.168235319
Tokashiki,Tokora,324740.0976,17,Sea,-0.98,133.4263306,0.172766999
Tokashiki,Tonaki,24206.31911,4,Sea,-1,131.5739786,0.176269744
Tokashiki,Yagaji,77777.6101,10,Sea,-1,131.790404,0.17022619
Tokashiki,Yonaguni,470755.0901,30,Sea,-0.99,130.8560784,0.171042366
Tokashiki,Zamami,1894.220592,1,Sea,-1,131.2182498,0.176477835
Tokora,Tonaki,322435.2154,11,Sea,-1,131.386768,0.15872507
Tokora,Yagaji,252483.7255,6,Sea,-1,133.4700097,0.162038941
Tokora,Yonaguni,760897.7561,31,Sea,-0.1,134.8399661,0.17723141
Tokora,Zamami,326180.0206,13,Sea,-1,131.4107301,0.161155396
Tonaki,Yagaji,89148.22202,10,Sea,-1,131.8807517,0.167643051
Tonaki,Yonaguni,459517.9551,30,Sea,-1,133.1300279,0.179463222
Tonaki,Zamami,18346.05241,2,Sea,-1,130.1969282,0.167993263
Yagaji,Yonaguni,553591.4807,31,Sea,-0.9,133.1164247,0.169230399
Yagaji,Zamami,80582.04306,10,Sea,-1,131.7664225,0.168549075
Yonaguni,Zamami,468884.1862,18,Sea,-1,132.4902712,0.178766709